Cst_Cnt,Btl_Cnt,Sta_ID,Depth_ID,Depthm,T_degC,Salnty,O2ml_L,STheta,O2Sat,Oxy_ÂµmolKg,BtlNum,RecInd,T_prec,T_qual,S_prec,S_qual,P_qual,O_qual,SThtaq,O2Satq,ChlorA,Chlqua,Phaeop,Phaqua,PO4uM,PO4q,SiO3uM,SiO3qu,NO2uM,NO2q,NO3uM,NO3q,NH3uM,NH3q,C14As1,C14A1p,C14A1q,C14As2,C14A2p,C14A2q,DarkAs,DarkAp,DarkAq,MeanAs,MeanAp,MeanAq,IncTim,LightP,R_Depth,R_TEMP,R_POTEMP,R_SALINITY,R_SIGMA,R_SVA,R_DYNHT,R_O2,R_O2Sat,R_SIO3,R_PO4,R_NO3,R_NO2,R_NH4,R_CHLA,R_PHAEO,R_PRES,R_SAMP,DIC1,DIC2,TA1,TA2,pH2,pH1,DIC Quality Comment
1,1,054.0 056.0,19-4903CR-HY-060-0930-05400560-0000A-3,0,10.50000,33.44000,,25.64900,,,,3,1,,2,,9,9,,9,,9,,9,,9,,9,,9,,9,,9,,,9,,,9,,,9,,,9,,,0.000000,10.50000,10.50000,33.44000,25.64000,233.0000,0.000000,,,,,,,,,,0,,,,,,,,
1,2,054.0 056.0,19-4903CR-HY-060-0930-05400560-0008A-3,8,10.46000,33.44000,,25.65600,,,,3,2,,2,,9,9,,9,,9,,9,,9,,9,,9,,9,,9,,,9,,,9,,,9,,,9,,,8.000000,10.46000,10.46000,33.44000,25.65000,232.5000,0.010000,,,,,,,,,,8,,,,,,,,
1,3,054.0 056.0,19-4903CR-HY-060-0930-05400560-0010A-7,10,10.46000,33.43700,,25.65400,,,,7,2,,3,,9,9,,9,,9,,9,,9,,9,,9,,9,,9,,,9,,,9,,,9,,,9,,,10.00000,10.46000,10.46000,33.43700,25.65000,232.8000,0.020000,,,,,,,,,,10,,,,,,,,
1,4,054.0 056.0,19-4903CR-HY-060-0930-05400560-0019A-3,19,10.45000,33.42000,,25.64300,,,,3,2,,2,,9,9,,9,,9,,9,,9,,9,,9,,9,,9,,,9,,,9,,,9,,,9,,,19.00000,10.45000,10.45000,33.42000,25.64000,234.1000,0.040000,,,,,,,,,,19,,,,,,,,
1,5,054.0 056.0,19-4903CR-HY-060-0930-05400560-0020A-7,20,10.45000,33.42100,,25.64300,,,,7,2,,3,,9,9,,9,,9,,9,,9,,9,,9,,9,,9,,,9,,,9,,,9,,,9,,,20.00000,10.45000,10.45000,33.42100,25.64000,234.0000,0.040000,,,,,,,,,,20,,,,,,,,
1,6,054.0 056.0,19-4903CR-HY-060-0930-05400560-0030A-7,30,10.45000,33.43100,,25.65100,,,,7,2,,3,,9,9,,9,,9,,9,,9,,9,,9,,9,,9,,,9,,,9,,,9,,,9,,,30.00000,10.45000,10.45000,33.43100,25.65000,233.5000,0.070000,,,,,,,,,,30,,,,,,,,
1,7,054.0 056.0,19-4903CR-HY-060-0930-05400560-0039A-3,39,10.45000,33.44000,,25.65800,,,,3,2,,2,,9,9,,9,,9,,9,,9,,9,,9,,9,,9,,,9,,,9,,,9,,,9,,,39.00000,10.45000,10.45000,33.44000,25.65000,233.0000,0.090000,,,,,,,,,,39,,,,,,,,
1,8,054.0 056.0,19-4903CR-HY-060-0930-05400560-0050A-7,50,10.24000,33.42400,,25.68200,,,,7,2,,3,,9,9,,9,,9,,9,,9,,9,,9,,9,,9,,,9,,,9,,,9,,,9,,,50.00000,10.24000,10.23000,33.42400,25.68000,231.0000,0.110000,,,,,,,,,,50,,,,,,,,
1,9,054.0 056.0,19-4903CR-HY-060-0930-05400560-0058A-3,58,10.06000,33.42000,,25.71000,,,,3,2,,2,,9,9,,9,,9,,9,,9,,9,,9,,9,,9,,,9,,,9,,,9,,,9,,,58.00000,10.06000,10.05000,33.42000,25.71000,228.5000,0.130000,,,,,,,,,,58,,,,,,,,
1,10,054.0 056.0,19-4903CR-HY-060-0930-05400560-0075A-7,75,9.860000,33.49400,,25.80100,,,,7,2,,3,,9,9,,9,,9,,9,,9,,9,,9,,9,,9,,,9,,,9,,,9,,,9,,,75.00000,9.860000,9.850000,33.49400,25.80000,220.1000,0.170000,,,,,,,,,,75,,,,,,,,
1,11,054.0 056.0,19-4903CR-HY-060-0930-05400560-0078A-3,78,9.830000,33.51000,,25.81900,,,,3,2,,2,,9,9,,9,,9,,9,,9,,9,,9,,9,,9,,,9,,,9,,,9,,,9,,,78.00000,9.830000,9.820000,33.51000,25.81000,218.6000,0.180000,,,,,,,,,,78,,,,,,,,
1,12,054.0 056.0,19-4903CR-HY-060-0930-05400560-0100A-7,100,9.670000,33.58000,,25.90000,,,,7,2,,3,,9,9,,9,,9,,9,,9,,9,,9,,9,,9,,,9,,,9,,,9,,,9,,,100.0000,9.670000,9.660000,33.58000,25.90000,211.2000,0.220000,,,,,,,,,,101,,,,,,,,
1,13,054.0 056.0,19-4903CR-HY-060-0930-05400560-0117A-3,117,9.500000,33.64000,,25.97500,,,,3,2,,2,,9,9,,9,,9,,9,,9,,9,,9,,9,,9,,,9,,,9,,,9,,,9,,,117.0000,9.500000,9.490000,33.64000,25.97000,204.5000,0.260000,,,,,,,,,,118,,,,,,,,
1,14,054.0 056.0,19-4903CR-HY-060-0930-05400560-0125A-7,125,9.320000,33.68900,,26.04300,,,,7,2,,3,,9,9,,9,,9,,9,,9,,9,,9,,9,,9,,,9,,,9,,,9,,,9,,,125.0000,9.320000,9.310000,33.68900,26.04000,198.2000,0.270000,,,,,,,,,,126,,,,,,,,
1,15,054.0 056.0,19-4903CR-HY-060-0930-05400560-0150A-7,150,8.760000,33.84700,,26.25600,,,,7,2,,3,,9,9,,9,,9,,9,,9,,9,,9,,9,,9,,,9,,,9,,,9,,,9,,,150.0000,8.760000,8.740000,33.84700,26.25000,178.3000,0.320000,,,,,,,,,,151,,,,,,,,
1,16,054.0 056.0,19-4903CR-HY-060-0930-05400560-0152A-3,152,8.710000,33.86000,,26.27400,,,,3,2,,2,,9,9,,9,,9,,9,,9,,9,,9,,9,,9,,,9,,,9,,,9,,,9,,,152.0000,8.710000,8.690000,33.86000,26.27000,176.7000,0.320000,,,,,,,,,,153,,,,,,,,
1,17,054.0 056.0,19-4903CR-HY-060-0930-05400560-0200A-7,200,8.530000,33.87600,,26.31500,,,,7,2,,3,,9,9,,9,,9,,9,,9,,9,,9,,9,,9,,,9,,,9,,,9,,,9,,,200.0000,8.530000,8.510000,33.87600,26.31000,173.6000,0.410000,,,,,,,,,,201,,,,,,,,
1,18,054.0 056.0,19-4903CR-HY-060-0930-05400560-0221A-3,221,8.450000,,,,,,,3,2,,,9,9,9,9,9,,9,,9,,9,,9,,9,,9,,9,,,9,,,9,,,9,,,9,,,221.0000,8.450000,8.430000,,,,0.440000,,,,,,,,,,222,,,,,,,,
1,19,054.0 056.0,19-4903CR-HY-060-0930-05400560-0250A-7,250,8.260000,33.92600,,26.39600,,,,7,2,,3,,9,9,,9,,9,,9,,9,,9,,9,,9,,9,,,9,,,9,,,9,,,9,,,250.0000,8.260000,8.230000,33.92600,26.39000,166.8000,0.490000,,,,,,,,,,252,,,,,,,,
1,20,054.0 056.0,19-4903CR-HY-060-0930-05400560-0285A-3,285,7.960000,33.98000,,26.48300,,,,3,2,,2,,9,9,,9,,9,,9,,9,,9,,9,,9,,9,,,9,,,9,,,9,,,9,,,285.0000,7.960000,7.930000,33.98000,26.48000,158.9000,0.550000,,,,,,,,,,287,,,,,,,,
1,21,054.0 056.0,19-4903CR-HY-060-0930-05400560-0300A-7,300,7.770000,33.99000,,26.51900,,,,7,2,,3,,9,9,,9,,9,,9,,9,,9,,9,,9,,9,,,9,,,9,,,9,,,9,,,300.0000,7.770000,7.740000,33.99000,26.51000,155.7000,0.570000,,,,,,,,,,302,,,,,,,,
1,22,054.0 056.0,19-4903CR-HY-060-0930-05400560-0373A-3,373,6.800000,34.04000,,26.69500,,,,3,2,,2,,9,9,,9,,9,,9,,9,,9,,9,,9,,9,,,9,,,9,,,9,,,9,,,373.0000,6.800000,6.770000,34.04000,26.69000,139.6000,0.680000,,,,,,,,,,376,,,,,,,,
1,23,054.0 056.0,19-4903CR-HY-060-0930-05400560-0400A-7,400,6.550000,34.05600,,26.74100,,,,7,2,,3,,9,9,,9,,9,,9,,9,,9,,9,,9,,9,,,9,,,9,,,9,,,9,,,400.0000,6.550000,6.510000,34.05600,26.74000,135.4000,0.720000,,,,,,,,,,403,,,,,,,,
1,24,054.0 056.0,19-4903CR-HY-060-0930-05400560-0500A-7,500,5.780000,34.11300,,26.88500,,,,7,2,,3,,9,9,,9,,9,,9,,9,,9,,9,,9,,9,,,9,,,9,,,9,,,9,,,500.0000,5.780000,5.740000,34.11300,26.88000,122.4000,0.850000,,,,,,,,,,504,,,,,,,,
1,25,054.0 056.0,19-4903CR-HY-060-0930-05400560-0598A-3,598,5.300000,34.16000,,26.98000,,,,3,2,,2,,9,9,,9,,9,,9,,9,,9,,9,,9,,9,,,9,,,9,,,9,,,9,,,598.0000,5.300000,5.250000,34.16000,26.98000,114.0000,0.960000,,,,,,,,,,603,,,,,,,,
1,26,054.0 056.0,19-4903CR-HY-060-0930-05400560-0600A-7,600,5.290000,34.16100,,26.98200,,,,7,2,,3,,9,9,,9,,9,,9,,9,,9,,9,,9,,9,,,9,,,9,,,9,,,9,,,600.0000,5.290000,5.240000,34.16100,26.98000,113.9000,0.970000,,,,,,,,,,605,,,,,,,,
1,27,054.0 056.0,19-4903CR-HY-060-0930-05400560-0700A-7,700,5.010000,34.21000,,27.05400,,,,7,2,,3,,9,9,,9,,9,,9,,9,,9,,9,,9,,9,,,9,,,9,,,9,,,9,,,700.0000,5.010000,4.950000,34.21000,27.05000,107.8000,1.080000,,,,,,,,,,706,,,,,,,,
1,28,054.0 056.0,19-4903CR-HY-060-0930-05400560-0800A-7,800,4.720000,34.26100,,27.12800,,,,7,2,,3,,9,9,,9,,9,,9,,9,,9,,9,,9,,9,,,9,,,9,,,9,,,9,,,800.0000,4.720000,4.660000,34.26100,27.12000,101.5000,1.180000,,,,,,,,,,807,,,,,,,,
1,29,054.0 056.0,19-4903CR-HY-060-0930-05400560-0896A-3,896,4.440000,34.31000,,27.19800,,,,3,2,,2,,9,9,,9,,9,,9,,9,,9,,9,,9,,9,,,9,,,9,,,9,,,9,,,896.0000,4.440000,4.370000,34.31000,27.19000,95.40000,1.280000,,,,,,,,,,904,,,,,,,,
2,30,052.0 075.0,19-4903CR-HY-060-2112-05200750-0000B-3,0,10.10000,32.95000,,25.33500,,,,3,1,,2,,9,9,,9,,9,,9,,9,,9,,9,,9,,9,,,9,,,9,,,9,,,9,,,0.000000,10.10000,10.10000,32.95000,25.33000,262.9000,0.000000,,,,,,,,,,0,,,,,,,,
2,31,052.0 075.0,19-4903CR-HY-060-2112-05200750-0010A-3,10,9.890000,32.94000,,25.36300,,,,3,2,,2,,9,9,,9,,9,,9,,9,,9,,9,,9,,9,,,9,,,9,,,9,,,9,,,10.00000,9.890000,9.890000,32.94000,25.36000,260.5000,0.020000,,,,,,,,,,10,,,,,,,,
2,32,052.0 075.0,19-4903CR-HY-060-2112-05200750-0020A-7,20,9.750000,32.93900,,25.38500,,,,7,2,,3,,9,9,,9,,9,,9,,9,,9,,9,,9,,9,,,9,,,9,,,9,,,9,,,20.00000,9.750000,9.750000,32.93900,25.38000,258.6000,0.050000,,,,,,,,,,20,,,,,,,,
2,33,052.0 075.0,19-4903CR-HY-060-2112-05200750-0024A-3,24,9.690000,32.95000,,25.40400,,,,3,2,,2,,9,9,,9,,9,,9,,9,,9,,9,,9,,9,,,9,,,9,,,9,,,9,,,24.00000,9.690000,9.690000,32.95000,25.40000,256.9000,0.060000,,,,,,,,,,24,,,,,,,,
2,34,052.0 075.0,19-4903CR-HY-060-2112-05200750-0030A-7,30,9.520000,33.01300,,25.48000,,,,7,2,,3,,9,9,,9,,9,,9,,9,,9,,9,,9,,9,,,9,,,9,,,9,,,9,,,30.00000,9.520000,9.520000,33.01300,25.48000,249.7000,0.070000,,,,,,,,,,30,,,,,,,,
2,35,052.0 075.0,19-4903CR-HY-060-2112-05200750-0047A-3,47,9.060000,33.24000,,25.73200,,,,3,2,,2,,9,9,,9,,9,,9,,9,,9,,9,,9,,9,,,9,,,9,,,9,,,9,,,47.00000,9.060000,9.050000,33.24000,25.73000,226.1000,0.110000,,,,,,,,,,47,,,,,,,,
2,36,052.0 075.0,19-4903CR-HY-060-2112-05200750-0050A-7,50,9.040000,33.27200,,25.76000,,,,7,2,,3,,9,9,,9,,9,,9,,9,,9,,9,,9,,9,,,9,,,9,,,9,,,9,,,50.00000,9.040000,9.030000,33.27200,25.76000,223.5000,0.120000,,,,,,,,,,50,,,,,,,,
2,37,052.0 075.0,19-4903CR-HY-060-2112-05200750-0071A-3,71,8.920000,33.46000,,25.92600,,,,3,2,,2,,9,9,,9,,9,,9,,9,,9,,9,,9,,9,,,9,,,9,,,9,,,9,,,71.00000,8.920000,8.910000,33.46000,25.92000,208.1000,0.170000,,,,,,,,,,71,,,,,,,,
2,38,052.0 075.0,19-4903CR-HY-060-2112-05200750-0075A-7,75,8.830000,33.48800,,25.96200,,,,7,2,,3,,9,9,,9,,9,,9,,9,,9,,9,,9,,9,,,9,,,9,,,9,,,9,,,75.00000,8.830000,8.820000,33.48800,25.96000,204.7000,0.170000,,,,,,,,,,75,,,,,,,,
2,39,052.0 075.0,19-4903CR-HY-060-2112-05200750-0094A-3,94,8.370000,33.60000,,26.12100,,,,3,2,,2,,9,9,,9,,9,,9,,9,,9,,9,,9,,9,,,9,,,9,,,9,,,9,,,94.00000,8.370000,8.360000,33.60000,26.12000,189.9000,0.210000,,,,,,,,,,95,,,,,,,,
2,40,052.0 075.0,19-4903CR-HY-060-2112-05200750-0100A-7,100,8.260000,33.63100,,26.16200,,,,7,2,,3,,9,9,,9,,9,,9,,9,,9,,9,,9,,9,,,9,,,9,,,9,,,9,,,100.0000,8.260000,8.250000,33.63100,26.16000,186.1000,0.220000,,,,,,,,,,101,,,,,,,,
2,41,052.0 075.0,19-4903CR-HY-060-2112-05200750-0125A-7,125,7.850000,33.74500,,26.31200,,,,7,2,,3,,9,9,,9,,9,,9,,9,,9,,9,,9,,9,,,9,,,9,,,9,,,9,,,125.0000,7.850000,7.840000,33.74500,26.31000,172.2000,0.270000,,,,,,,,,,126,,,,,,,,
2,42,052.0 075.0,19-4903CR-HY-060-2112-05200750-0140A-3,140,7.640000,33.80000,,26.38600,,,,3,2,,2,,9,9,,9,,9,,9,,9,,9,,9,,9,,9,,,9,,,9,,,9,,,9,,,140.0000,7.640000,7.630000,33.80000,26.38000,165.4000,0.290000,,,,,,,,,,141,,,,,,,,
2,43,052.0 075.0,19-4903CR-HY-060-2112-05200750-0150A-7,150,7.500000,33.83300,,26.43200,,,,7,2,,3,,9,9,,9,,9,,9,,9,,9,,9,,9,,9,,,9,,,9,,,9,,,9,,,150.0000,7.500000,7.490000,33.83300,26.43000,161.2000,0.310000,,,,,,,,,,151,,,,,,,,
2,44,052.0 075.0,19-4903CR-HY-060-2112-05200750-0189A-3,189,6.980000,33.93000,,26.58100,,,,3,2,,2,,9,9,,9,,9,,9,,9,,9,,9,,9,,9,,,9,,,9,,,9,,,9,,,189.0000,6.980000,6.960000,33.93000,26.58000,147.5000,0.370000,,,,,,,,,,190,,,,,,,,
2,45,052.0 075.0,19-4903CR-HY-060-2112-05200750-0200A-7,200,6.850000,33.93900,,26.60600,,,,7,2,,3,,9,9,,9,,9,,9,,9,,9,,9,,9,,9,,,9,,,9,,,9,,,9,,,200.0000,6.850000,6.830000,33.93900,26.60000,145.3000,0.390000,,,,,,,,,,201,,,,,,,,
2,46,052.0 075.0,19-4903CR-HY-060-2112-05200750-0250A-7,250,6.320000,33.94300,,26.68000,,,,7,2,,3,,9,9,,9,,9,,9,,9,,9,,9,,9,,9,,,9,,,9,,,9,,,9,,,250.0000,6.320000,6.300000,33.94300,26.68000,138.8000,0.460000,,,,,,,,,,252,,,,,,,,
2,47,052.0 075.0,19-4903CR-HY-060-2112-05200750-0282A-3,282,6.050000,33.95000,,26.72000,,,,3,2,,2,,9,9,,9,,9,,9,,9,,9,,9,,9,,9,,,9,,,9,,,9,,,9,,,282.0000,6.050000,6.030000,33.95000,26.72000,135.3000,0.500000,,,,,,,,,,284,,,,,,,,
2,48,052.0 075.0,19-4903CR-HY-060-2112-05200750-0300A-7,300,5.950000,33.95700,,26.73800,,,,7,2,,3,,9,9,,9,,9,,9,,9,,9,,9,,9,,9,,,9,,,9,,,9,,,9,,,300.0000,5.950000,5.920000,33.95700,26.73000,133.7000,0.520000,,,,,,,,,,302,,,,,,,,
2,49,052.0 075.0,19-4903CR-HY-060-2112-05200750-0379A-3,379,5.600000,34.00000,,26.81600,,,,3,2,,2,,9,9,,9,,9,,9,,9,,9,,9,,9,,9,,,9,,,9,,,9,,,9,,,379.0000,5.600000,5.570000,34.00000,26.81000,127.1000,0.630000,,,,,,,,,,382,,,,,,,,
2,50,052.0 075.0,19-4903CR-HY-060-2112-05200750-0400A-7,400,5.500000,34.01600,,26.84100,,,,7,2,,3,,9,9,,9,,9,,9,,9,,9,,9,,9,,9,,,9,,,9,,,9,,,9,,,400.0000,5.500000,5.470000,34.01600,26.84000,124.9000,0.650000,,,,,,,,,,403,,,,,,,,
2,51,052.0 075.0,19-4903CR-HY-060-2112-05200750-0500A-7,500,5.020000,34.10100,,26.96500,,,,7,2,,3,,9,9,,9,,9,,9,,9,,9,,9,,9,,9,,,9,,,9,,,9,,,9,,,500.0000,5.020000,4.980000,34.10100,26.96000,113.9000,0.770000,,,,,,,,,,504,,,,,,,,
2,52,052.0 075.0,19-4903CR-HY-060-2112-05200750-0565A-3,565,4.740000,34.16000,,27.04400,,,,3,2,,2,,9,9,,9,,9,,9,,9,,9,,9,,9,,9,,,9,,,9,,,9,,,9,,,565.0000,4.740000,4.700000,34.16000,27.04000,106.9000,0.850000,,,,,,,,,,569,,,,,,,,
2,53,052.0 075.0,19-4903CR-HY-060-2112-05200750-0600A-7,600,4.620000,34.18800,,27.07900,,,,7,2,,3,,9,9,,9,,9,,9,,9,,9,,9,,9,,9,,,9,,,9,,,9,,,9,,,600.0000,4.620000,4.570000,34.18800,27.07000,103.7000,0.880000,,,,,,,,,,605,,,,,,,,
2,54,052.0 075.0,19-4903CR-HY-060-2112-05200750-0700A-7,700,4.330000,34.25900,,27.16800,,,,7,2,,3,,9,9,,9,,9,,9,,9,,9,,9,,9,,9,,,9,,,9,,,9,,,9,,,700.0000,4.330000,4.280000,34.25900,27.16000,96.00000,0.980000,,,,,,,,,,706,,,,,,,,
2,55,052.0 075.0,19-4903CR-HY-060-2112-05200750-0800A-7,800,4.080000,34.31900,,27.24300,,,,7,2,,3,,9,9,,9,,9,,9,,9,,9,,9,,9,,9,,,9,,,9,,,9,,,9,,,800.0000,4.080000,4.020000,34.31900,27.24000,89.60000,1.070000,,,,,,,,,,807,,,,,,,,
2,56,052.0 075.0,19-4903CR-HY-060-2112-05200750-0840A-3,840,3.990000,34.34000,,27.26900,,,,3,2,,2,,9,9,,9,,9,,9,,9,,9,,9,,9,,9,,,9,,,9,,,9,,,9,,,840.0000,3.990000,3.930000,34.34000,27.26000,87.30000,1.110000,,,,,,,,,,847,,,,,,,,
2,57,052.0 075.0,19-4903CR-HY-060-2112-05200750-0900A-7,900,3.850000,34.35400,,27.29400,,,,7,2,,3,,9,9,,9,,9,,9,,9,,9,,9,,9,,9,,,9,,,9,,,9,,,9,,,900.0000,3.850000,3.780000,34.35400,27.29000,85.10000,1.160000,,,,,,,,,,908,,,,,,,,
2,58,052.0 075.0,19-4903CR-HY-060-2112-05200750-1000A-7,1000,3.620000,34.37800,,27.33700,,,,7,2,,3,,9,9,,9,,9,,9,,9,,9,,9,,9,,9,,,9,,,9,,,9,,,9,,,1000.000,3.620000,3.550000,34.37800,27.33000,81.50000,1.250000,,,,,,,,,,1009,,,,,,,,
2,59,052.0 075.0,19-4903CR-HY-060-2112-05200750-1100A-7,1100,3.380000,34.40300,,27.38100,,,,7,2,,3,,9,9,,9,,9,,9,,9,,9,,9,,9,,9,,,9,,,9,,,9,,,9,,,1100.000,3.380000,3.300000,34.40300,27.38000,77.60000,1.320000,,,,,,,,,,1110,,,,,,,,
2,60,052.0 075.0,19-4903CR-HY-060-2112-05200750-1200A-7,1200,3.150000,34.42900,,27.42300,,,,7,2,,3,,9,9,,9,,9,,9,,9,,9,,9,,9,,9,,,9,,,9,,,9,,,9,,,1200.000,3.150000,3.060000,34.42900,27.42000,73.70000,1.400000,,,,,,,,,,1211,,,,,,,,
2,61,052.0 075.0,19-4903CR-HY-060-2112-05200750-1203A-3,1203,3.140000,34.43000,,27.42500,,,,3,2,,2,,9,9,,9,,9,,9,,9,,9,,9,,9,,9,,,9,,,9,,,9,,,9,,,1203.000,3.140000,3.050000,34.43000,27.42000,73.50000,1.400000,,,,,,,,,,1214,,,,,,,,
3,62,051.0 085.0,19-4903CR-HY-061-0354-05100850-0000B-3,0,10.20000,32.63000,,25.06900,,,,3,1,,2,,9,9,,9,,9,,9,,9,,9,,9,,9,,9,,,9,,,9,,,9,,,9,,,0.000000,10.20000,10.20000,32.63000,25.06000,288.2000,0.000000,,,,,,,,,,0,,,,,,,,
3,63,051.0 085.0,19-4903CR-HY-061-0354-05100850-0010A-3,10,10.05000,32.66000,,25.11700,,,,3,2,,2,,9,9,,9,,9,,9,,9,,9,,9,,9,,9,,,9,,,9,,,9,,,9,,,10.00000,10.05000,10.05000,32.66000,25.11000,283.8000,0.020000,,,,,,,,,,10,,,,,,,,
3,64,051.0 085.0,19-4903CR-HY-061-0354-05100850-0020A-7,20,9.950000,32.66000,,25.13400,,,,7,2,,3,,9,9,,9,,9,,9,,9,,9,,9,,9,,9,,,9,,,9,,,9,,,9,,,20.00000,9.950000,9.950000,32.66000,25.13000,282.4000,0.050000,,,,,,,,,,20,,,,,,,,
3,65,051.0 085.0,19-4903CR-HY-061-0354-05100850-0022A-3,22,9.940000,32.66000,,25.13600,,,,3,2,,2,,9,9,,9,,9,,9,,9,,9,,9,,9,,9,,,9,,,9,,,9,,,9,,,22.00000,9.940000,9.940000,32.66000,25.13000,282.3000,0.060000,,,,,,,,,,22,,,,,,,,
3,66,051.0 085.0,19-4903CR-HY-061-0354-05100850-0030A-7,30,9.920000,32.67300,,25.15000,,,,7,2,,3,,9,9,,9,,9,,9,,9,,9,,9,,9,,9,,,9,,,9,,,9,,,9,,,30.00000,9.920000,9.920000,32.67300,25.15000,281.1000,0.080000,,,,,,,,,,30,,,,,,,,
3,67,051.0 085.0,19-4903CR-HY-061-0354-05100850-0038A-3,38,9.870000,32.68000,,25.16300,,,,3,2,,2,,9,9,,9,,9,,9,,9,,9,,9,,9,,9,,,9,,,9,,,9,,,9,,,38.00000,9.870000,9.870000,32.68000,25.16000,280.0000,0.100000,,,,,,,,,,38,,,,,,,,
3,68,051.0 085.0,19-4903CR-HY-061-0354-05100850-0049A-3,49,9.620000,32.75000,,25.25900,,,,3,2,,2,,9,9,,9,,9,,9,,9,,9,,9,,9,,9,,,9,,,9,,,9,,,9,,,49.00000,9.620000,9.610000,32.75000,25.25000,271.1000,0.130000,,,,,,,,,,49,,,,,,,,
3,69,051.0 085.0,19-4903CR-HY-061-0354-05100850-0050A-7,50,9.660000,32.73600,,25.24200,,,,7,2,,3,,9,9,,9,,9,,9,,9,,9,,9,,9,,9,,,9,,,9,,,9,,,9,,,50.00000,9.660000,9.650000,32.73600,25.24000,272.8000,0.140000,,,,,,,,,,50,,,,,,,,
3,70,051.0 085.0,19-4903CR-HY-061-0354-05100850-0055A-3,55,9.900000,32.66000,,25.14300,,,,3,2,,2,,9,9,,9,,9,,9,,9,,9,,9,,9,,9,,,9,,,9,,,9,,,9,,,55.00000,9.900000,9.890000,32.66000,25.14000,282.3000,0.150000,,,,,,,,,,55,,,,,,,,
3,71,051.0 085.0,19-4903CR-HY-061-0354-05100850-0073A-3,73,9.650000,32.74000,,25.24700,,,,3,2,,2,,9,9,,9,,9,,9,,9,,9,,9,,9,,9,,,9,,,9,,,9,,,9,,,73.00000,9.650000,9.640000,32.74000,25.24000,272.7000,0.200000,,,,,,,,,,73,,,,,,,,
3,72,051.0 085.0,19-4903CR-HY-061-0354-05100850-0075A-7,75,9.620000,32.76500,,25.27100,,,,7,2,,3,,9,9,,9,,9,,9,,9,,9,,9,,9,,9,,,9,,,9,,,9,,,9,,,75.00000,9.620000,9.610000,32.76500,25.27000,270.4000,0.210000,,,,,,,,,,75,,,,,,,,
3,73,051.0 085.0,19-4903CR-HY-061-0354-05100850-0099A-3,99,9.230000,33.12000,,25.61200,,,,3,2,,2,,9,9,,9,,9,,9,,9,,9,,9,,9,,9,,,9,,,9,,,9,,,9,,,99.00000,9.230000,9.220000,33.12000,25.61000,238.5000,0.270000,,,,,,,,,,100,,,,,,,,
3,74,051.0 085.0,19-4903CR-HY-061-0354-05100850-0100A-7,100,9.210000,33.13200,,25.62400,,,,7,2,,3,,9,9,,9,,9,,9,,9,,9,,9,,9,,9,,,9,,,9,,,9,,,9,,,100.0000,9.210000,9.200000,33.13200,25.62000,237.3000,0.270000,,,,,,,,,,101,,,,,,,,
3,75,051.0 085.0,19-4903CR-HY-061-0354-05100850-0125A-7,125,8.790000,33.39800,,25.89900,,,,7,2,,3,,9,9,,9,,9,,9,,9,,9,,9,,9,,9,,,9,,,9,,,9,,,9,,,125.0000,8.790000,8.780000,33.39800,25.89000,211.7000,0.320000,,,,,,,,,,126,,,,,,,,
3,76,051.0 085.0,19-4903CR-HY-061-0354-05100850-0150A-7,150,8.370000,33.60500,,26.12600,,,,7,2,,3,,9,9,,9,,9,,9,,9,,9,,9,,9,,9,,,9,,,9,,,9,,,9,,,150.0000,8.370000,8.350000,33.60500,26.12000,190.5000,0.380000,,,,,,,,,,151,,,,,,,,
3,77,051.0 085.0,19-4903CR-HY-061-0354-05100850-0191A-3,191,7.710000,33.82000,,26.39200,,,,3,2,,2,,9,9,,9,,9,,9,,9,,9,,9,,9,,9,,,9,,,9,,,9,,,9,,,191.0000,7.710000,7.690000,33.82000,26.39000,165.7000,0.450000,,,,,,,,,,192,,,,,,,,
3,78,051.0 085.0,19-4903CR-HY-061-0354-05100850-0200A-7,200,7.580000,33.84400,,26.43000,,,,7,2,,3,,9,9,,9,,9,,9,,9,,9,,9,,9,,9,,,9,,,9,,,9,,,9,,,200.0000,7.580000,7.560000,33.84400,26.43000,162.3000,0.460000,,,,,,,,,,201,,,,,,,,
3,79,051.0 085.0,19-4903CR-HY-061-0354-05100850-0250A-7,250,6.930000,33.92600,,26.58600,,,,7,2,,3,,9,9,,9,,9,,9,,9,,9,,9,,9,,9,,,9,,,9,,,9,,,9,,,250.0000,6.930000,6.910000,33.92600,26.58000,148.0000,0.540000,,,,,,,,,,252,,,,,,,,
3,80,051.0 085.0,19-4903CR-HY-061-0354-05100850-0290A-3,290,6.470000,33.93000,,26.65100,,,,3,2,,2,,9,9,,9,,9,,9,,9,,9,,9,,9,,9,,,9,,,9,,,9,,,9,,,290.0000,6.470000,6.440000,33.93000,26.65000,142.2000,0.600000,,,,,,,,,,292,,,,,,,,
3,81,051.0 085.0,19-4903CR-HY-061-0354-05100850-0300A-7,300,6.370000,33.94100,,26.67200,,,,7,2,,3,,9,9,,9,,9,,9,,9,,9,,9,,9,,9,,,9,,,9,,,9,,,9,,,300.0000,6.370000,6.340000,33.94100,26.67000,140.2000,0.610000,,,,,,,,,,302,,,,,,,,
3,82,051.0 085.0,19-4903CR-HY-061-0354-05100850-0400A-7,400,5.540000,34.04100,,26.85600,,,,7,2,,3,,9,9,,9,,9,,9,,9,,9,,9,,9,,9,,,9,,,9,,,9,,,9,,,400.0000,5.540000,5.510000,34.04100,26.85000,123.6000,0.740000,,,,,,,,,,403,,,,,,,,
3,83,051.0 085.0,19-4903CR-HY-061-0354-05100850-0488A-3,488,5.020000,34.11000,,26.97200,,,,3,2,,2,,9,9,,9,,9,,9,,9,,9,,9,,9,,9,,,9,,,9,,,9,,,9,,,488.0000,5.020000,4.980000,34.11000,26.97000,113.1000,0.850000,,,,,,,,,,492,,,,,,,,
3,84,051.0 085.0,19-4903CR-HY-061-0354-05100850-0500A-7,500,4.970000,34.11300,,26.98000,,,,7,2,,3,,9,9,,9,,9,,9,,9,,9,,9,,9,,9,,,9,,,9,,,9,,,9,,,500.0000,4.970000,4.930000,34.11300,26.98000,112.5000,0.860000,,,,,,,,,,504,,,,,,,,
3,85,051.0 085.0,19-4903CR-HY-061-0354-05100850-0600A-7,600,4.590000,34.13500,,27.04100,,,,7,2,,3,,9,9,,9,,9,,9,,9,,9,,9,,9,,9,,,9,,,9,,,9,,,9,,,600.0000,4.590000,4.540000,34.13500,27.04000,107.3000,0.970000,,,,,,,,,,605,,,,,,,,
3,86,051.0 085.0,19-4903CR-HY-061-0354-05100850-0700A-7,700,4.310000,34.15100,,27.08400,,,,7,2,,3,,9,9,,9,,9,,9,,9,,9,,9,,9,,9,,,9,,,9,,,9,,,9,,,700.0000,4.310000,4.260000,34.15100,27.08000,103.8000,1.080000,,,,,,,,,,706,,,,,,,,
3,87,051.0 085.0,19-4903CR-HY-061-0354-05100850-0789A-3,789,4.140000,34.16000,,27.11000,,,,3,2,,2,,9,9,,9,,9,,9,,9,,9,,9,,9,,9,,,9,,,9,,,9,,,9,,,789.0000,4.140000,4.080000,34.16000,27.11000,102.0000,1.170000,,,,,,,,,,796,,,,,,,,
3,88,051.0 085.0,19-4903CR-HY-061-0354-05100850-0800A-7,800,4.110000,34.16900,,27.12000,,,,7,2,,3,,9,9,,9,,9,,9,,9,,9,,9,,9,,9,,,9,,,9,,,9,,,9,,,800.0000,4.110000,4.050000,34.16900,27.12000,101.0000,1.180000,,,,,,,,,,807,,,,,,,,
3,89,051.0 085.0,19-4903CR-HY-061-0354-05100850-0900A-7,900,3.890000,34.25200,,27.20900,,,,7,2,,3,,9,9,,9,,9,,9,,9,,9,,9,,9,,9,,,9,,,9,,,9,,,9,,,900.0000,3.890000,3.820000,34.25200,27.20000,93.20000,1.280000,,,,,,,,,,908,,,,,,,,
3,90,051.0 085.0,19-4903CR-HY-061-0354-05100850-1000A-7,1000,3.660000,34.33600,,27.30000,,,,7,2,,3,,9,9,,9,,9,,9,,9,,9,,9,,9,,9,,,9,,,9,,,9,,,9,,,1000.000,3.660000,3.590000,34.33600,27.30000,85.10000,1.370000,,,,,,,,,,1009,,,,,,,,
3,91,051.0 085.0,19-4903CR-HY-061-0354-05100850-1100A-7,1100,3.430000,34.42100,,27.39000,,,,7,2,,3,,9,9,,9,,9,,9,,9,,9,,9,,9,,9,,,9,,,9,,,9,,,9,,,1100.000,3.430000,3.350000,34.42100,27.39000,76.80000,1.450000,,,,,,,,,,1110,,,,,,,,
3,92,051.0 085.0,19-4903CR-HY-061-0354-05100850-1134A-3,1134,3.350000,34.45000,,27.42100,,,,3,2,,2,,9,9,,9,,9,,9,,9,,9,,9,,9,,9,,,9,,,9,,,9,,,9,,,1134.000,3.350000,3.270000,34.45000,27.42000,74.00000,1.470000,,,,,,,,,,1144,,,,,,,,
4,93,050.0 095.0,19-4903CR-HY-061-1042-05000950-0000B-3,0,10.40000,32.68000,,25.07400,,,,3,1,,2,,9,9,,9,,9,,9,,9,,9,,9,,9,,9,,,9,,,9,,,9,,,9,,,0.000000,10.40000,10.40000,32.68000,25.07000,287.7000,0.000000,,,,,,,,,,0,,,,,,,,
4,94,050.0 095.0,19-4903CR-HY-061-1042-05000950-0008A-3,8,10.22000,32.70000,,25.12000,,,,3,2,,2,,9,9,,9,,9,,9,,9,,9,,9,,9,,9,,,9,,,9,,,9,,,9,,,8.000000,10.22000,10.22000,32.70000,25.12000,283.5000,0.020000,,,,,,,,,,8,,,,,,,,
4,95,050.0 095.0,19-4903CR-HY-061-1042-05000950-0010A-7,10,10.20000,32.69400,,25.11900,,,,7,2,,3,,9,9,,9,,9,,9,,9,,9,,9,,9,,9,,,9,,,9,,,9,,,9,,,10.00000,10.20000,10.20000,32.69400,25.11000,283.7000,0.020000,,,,,,,,,,10,,,,,,,,
4,96,050.0 095.0,19-4903CR-HY-061-1042-05000950-0019A-3,19,10.14000,32.66000,,25.10300,,,,3,2,,2,,9,9,,9,,9,,9,,9,,9,,9,,9,,9,,,9,,,9,,,9,,,9,,,19.00000,10.14000,10.14000,32.66000,25.10000,285.4000,0.050000,,,,,,,,,,19,,,,,,,,
4,97,050.0 095.0,19-4903CR-HY-061-1042-05000950-0020A-7,20,10.14000,32.65700,,25.10000,,,,7,2,,3,,9,9,,9,,9,,9,,9,,9,,9,,9,,9,,,9,,,9,,,9,,,9,,,20.00000,10.14000,10.14000,32.65700,25.10000,285.7000,0.050000,,,,,,,,,,20,,,,,,,,
4,98,050.0 095.0,19-4903CR-HY-061-1042-05000950-0030A-7,30,10.07000,32.64100,,25.10000,,,,7,2,,3,,9,9,,9,,9,,9,,9,,9,,9,,9,,9,,,9,,,9,,,9,,,9,,,30.00000,10.07000,10.07000,32.64100,25.10000,285.9000,0.080000,,,,,,,,,,30,,,,,,,,
4,99,050.0 095.0,19-4903CR-HY-061-1042-05000950-0040A-3,40,9.970000,,,,,,,3,2,,,9,9,9,9,9,,9,,9,,9,,9,,9,,9,,9,,,9,,,9,,,9,,,9,,,40.00000,9.970000,9.970000,,,,0.110000,,,,,,,,,,40,,,,,,,,
4,100,050.0 095.0,19-4903CR-HY-061-1042-05000950-0050A-7,50,9.720000,32.69900,,25.20300,,,,7,2,,3,,9,9,,9,,9,,9,,9,,9,,9,,9,,9,,,9,,,9,,,9,,,9,,,50.00000,9.720000,9.710000,32.69900,25.20000,276.5000,0.140000,,,,,,,,,,50,,,,,,,,
4,101,050.0 095.0,19-4903CR-HY-061-1042-05000950-0062A-3,62,9.420000,32.79000,,25.32300,,,,3,2,,2,,9,9,,9,,9,,9,,9,,9,,9,,9,,9,,,9,,,9,,,9,,,9,,,62.00000,9.420000,9.410000,32.79000,25.32000,265.2000,0.170000,,,,,,,,,,62,,,,,,,,
4,102,050.0 095.0,19-4903CR-HY-061-1042-05000950-0075A-7,75,9.320000,32.96700,,25.47700,,,,7,2,,3,,9,9,,9,,9,,9,,9,,9,,9,,9,,9,,,9,,,9,,,9,,,9,,,75.00000,9.320000,9.310000,32.96700,25.47000,250.8000,0.200000,,,,,,,,,,75,,,,,,,,
4,103,050.0 095.0,19-4903CR-HY-061-1042-05000950-0084A-3,84,9.270000,33.10000,,25.59000,,,,3,2,,2,,9,9,,9,,9,,9,,9,,9,,9,,9,,9,,,9,,,9,,,9,,,9,,,84.00000,9.270000,9.260000,33.10000,25.59000,240.3000,0.230000,,,,,,,,,,84,,,,,,,,
4,104,050.0 095.0,19-4903CR-HY-061-1042-05000950-0100A-7,100,9.020000,33.28600,,25.77500,,,,7,2,,3,,9,9,,9,,9,,9,,9,,9,,9,,9,,9,,,9,,,9,,,9,,,9,,,100.0000,9.020000,9.010000,33.28600,25.77000,223.0000,0.260000,,,,,,,,,,101,,,,,,,,
4,105,050.0 095.0,19-4903CR-HY-061-1042-05000950-0125A-7,125,8.600000,33.53300,,26.03400,,,,7,2,,3,,9,9,,9,,9,,9,,9,,9,,9,,9,,9,,,9,,,9,,,9,,,9,,,125.0000,8.600000,8.590000,33.53300,26.03000,198.8000,0.320000,,,,,,,,,,126,,,,,,,,
4,106,050.0 095.0,19-4903CR-HY-061-1042-05000950-0127A-3,127,8.560000,33.55000,,26.05300,,,,3,2,,2,,9,9,,9,,9,,9,,9,,9,,9,,9,,9,,,9,,,9,,,9,,,9,,,127.0000,8.560000,8.550000,33.55000,26.05000,197.0000,0.320000,,,,,,,,,,128,,,,,,,,
4,107,050.0 095.0,19-4903CR-HY-061-1042-05000950-0150A-7,150,8.320000,33.74600,,26.24400,,,,7,2,,3,,9,9,,9,,9,,9,,9,,9,,9,,9,,9,,,9,,,9,,,9,,,9,,,150.0000,8.320000,8.300000,33.74600,26.24000,179.3000,0.360000,,,,,,,,,,151,,,,,,,,
4,108,050.0 095.0,19-4903CR-HY-061-1042-05000950-0164A-3,164,8.180000,33.84000,,26.33900,,,,3,2,,2,,9,9,,9,,9,,9,,9,,9,,9,,9,,9,,,9,,,9,,,9,,,9,,,164.0000,8.180000,8.160000,33.84000,26.33000,170.5000,0.390000,,,,,,,,,,165,,,,,,,,
4,109,050.0 095.0,19-4903CR-HY-061-1042-05000950-0200A-7,200,7.710000,33.86300,,26.42600,,,,7,2,,3,,9,9,,9,,9,,9,,9,,9,,9,,9,,9,,,9,,,9,,,9,,,9,,,200.0000,7.710000,7.690000,33.86300,26.42000,162.7000,0.450000,,,,,,,,,,201,,,,,,,,
4,110,050.0 095.0,19-4903CR-HY-061-1042-05000950-0242A-3,242,7.160000,33.89000,,26.52600,,,,3,2,,2,,9,9,,9,,9,,9,,9,,9,,9,,9,,9,,,9,,,9,,,9,,,9,,,242.0000,7.160000,7.140000,33.89000,26.52000,153.7000,0.510000,,,,,,,,,,244,,,,,,,,
4,111,050.0 095.0,19-4903CR-HY-061-1042-05000950-0250A-7,250,7.080000,33.89300,,26.53900,,,,7,2,,3,,9,9,,9,,9,,9,,9,,9,,9,,9,,9,,,9,,,9,,,9,,,9,,,250.0000,7.080000,7.060000,33.89300,26.53000,152.5000,0.530000,,,,,,,,,,252,,,,,,,,
4,112,050.0 095.0,19-4903CR-HY-061-1042-05000950-0300A-7,300,6.610000,33.91000,,26.61600,,,,7,2,,3,,9,9,,9,,9,,9,,9,,9,,9,,9,,9,,,9,,,9,,,9,,,9,,,300.0000,6.610000,6.580000,33.91000,26.61000,145.7000,0.600000,,,,,,,,,,302,,,,,,,,
4,113,050.0 095.0,19-4903CR-HY-061-1042-05000950-0329A-3,329,6.380000,33.75000,,26.52100,,,,3,2,,2,8,9,9,8,9,,9,,9,,9,,9,,9,,9,,9,,,9,,,9,,,9,,,9,,,329.0000,6.380000,6.350000,33.75000,,,0.640000,,,,,,,,,,331,,,,,,,,
4,114,050.0 095.0,19-4903CR-HY-061-1042-05000950-0400A-7,400,5.790000,33.95500,,26.75700,,,,7,2,,3,,9,9,,9,,9,,9,,9,,9,,9,,9,,9,,,9,,,9,,,9,,,9,,,400.0000,5.790000,5.760000,33.95500,26.75000,133.1000,0.740000,,,,,,,,,,403,,,,,,,,
4,115,050.0 095.0,19-4903CR-HY-061-1042-05000950-0492A-3,492,5.140000,34.00000,,26.87100,,,,3,2,,2,,9,9,,9,,9,,9,,9,,9,,9,,9,,9,,,9,,,9,,,9,,,9,,,492.0000,5.140000,5.100000,34.00000,26.87000,122.8000,0.860000,,,,,,,,,,496,,,,,,,,
4,116,050.0 095.0,19-4903CR-HY-061-1042-05000950-0500A-7,500,5.100000,34.01000,,26.88400,,,,7,2,,3,,9,9,,9,,9,,9,,9,,9,,9,,9,,9,,,9,,,9,,,9,,,9,,,500.0000,5.100000,5.060000,34.01000,26.88000,121.7000,0.870000,,,,,,,,,,504,,,,,,,,
4,117,050.0 095.0,19-4903CR-HY-061-1042-05000950-0600A-7,600,4.650000,34.12800,,27.02800,,,,7,2,,3,,9,9,,9,,9,,9,,9,,9,,9,,9,,9,,,9,,,9,,,9,,,9,,,600.0000,4.650000,4.600000,34.12800,27.02000,108.6000,0.980000,,,,,,,,,,605,,,,,,,,
4,118,050.0 095.0,19-4903CR-HY-061-1042-05000950-0700A-7,700,4.310000,34.24500,,27.15900,,,,7,2,,3,,9,9,,9,,9,,9,,9,,9,,9,,9,,9,,,9,,,9,,,9,,,9,,,700.0000,4.310000,4.260000,34.24500,27.15000,96.80000,1.090000,,,,,,,,,,706,,,,,,,,
4,119,050.0 095.0,19-4903CR-HY-061-1042-05000950-0739A-3,739,4.210000,34.29000,,27.20500,,,,3,2,,2,,9,9,,9,,9,,9,,9,,9,,9,,9,,9,,,9,,,9,,,9,,,9,,,739.0000,4.210000,4.150000,34.29000,27.20000,92.70000,1.120000,,,,,,,,,,745,,,,,,,,
4,120,050.0 095.0,19-4903CR-HY-061-1042-05000950-0800A-7,800,4.070000,34.30900,,27.23600,,,,7,2,,3,,9,9,,9,,9,,9,,9,,9,,9,,9,,9,,,9,,,9,,,9,,,9,,,800.0000,4.070000,4.010000,34.30900,27.23000,90.20000,1.180000,,,,,,,,,,807,,,,,,,,
4,121,050.0 095.0,19-4903CR-HY-061-1042-05000950-0900A-7,900,3.830000,34.34000,,27.28500,,,,7,2,,3,,9,9,,9,,9,,9,,9,,9,,9,,9,,9,,,9,,,9,,,9,,,9,,,900.0000,3.830000,3.760000,34.34000,27.28000,85.90000,1.270000,,,,,,,,,,908,,,,,,,,
4,122,050.0 095.0,19-4903CR-HY-061-1042-05000950-1000A-7,1000,3.590000,34.37200,,27.33500,,,,7,2,,3,,9,9,,9,,9,,9,,9,,9,,9,,9,,9,,,9,,,9,,,9,,,9,,,1000.000,3.590000,3.520000,34.37200,27.33000,81.60000,1.350000,,,,,,,,,,1009,,,,,,,,
4,123,050.0 095.0,19-4903CR-HY-061-1042-05000950-1085A-3,1085,3.390000,34.40000,,27.37700,,,,3,2,,2,,9,9,,9,,9,,9,,9,,9,,9,,9,,9,,,9,,,9,,,9,,,9,,,1085.000,3.390000,3.310000,34.40000,27.37000,77.80000,1.420000,,,,,,,,,,1095,,,,,,,,
5,124,050.0 104.0,19-4903CR-HY-061-1706-05001040-0000B-3,0,10.50000,32.75000,,25.11100,,,,3,1,,2,,9,9,,9,,9,,9,,9,,9,,9,,9,,9,,,9,,,9,,,9,,,9,,,0.000000,10.50000,10.50000,32.75000,25.11000,284.2000,0.000000,,,,,,,,,,0,,,,,,,,
5,125,050.0 104.0,19-4903CR-HY-061-1706-05001040-0008A-3,8,10.52000,32.75000,,25.10800,,,,3,2,,2,,9,9,,9,,9,,9,,9,,9,,9,,9,,9,,,9,,,9,,,9,,,9,,,8.000000,10.52000,10.52000,32.75000,25.10000,284.7000,0.020000,,,,,,,,,,8,,,,,,,,
5,126,050.0 104.0,19-4903CR-HY-061-1706-05001040-0010A-7,10,10.51000,32.74800,,25.10800,,,,7,2,,3,,9,9,,9,,9,,9,,9,,9,,9,,9,,9,,,9,,,9,,,9,,,9,,,10.00000,10.51000,10.51000,32.74800,25.10000,284.7000,0.020000,,,,,,,,,,10,,,,,,,,
5,127,050.0 104.0,19-4903CR-HY-061-1706-05001040-0019A-3,19,10.48000,32.74000,,25.10700,,,,3,2,,2,,9,9,,9,,9,,9,,9,,9,,9,,9,,9,,,9,,,9,,,9,,,9,,,19.00000,10.48000,10.48000,32.74000,25.10000,285.0000,0.050000,,,,,,,,,,19,,,,,,,,
5,128,050.0 104.0,19-4903CR-HY-061-1706-05001040-0020A-7,20,10.47000,32.74000,,25.10900,,,,7,2,,3,,9,9,,9,,9,,9,,9,,9,,9,,9,,9,,,9,,,9,,,9,,,9,,,20.00000,10.47000,10.47000,32.74000,25.10000,284.8000,0.050000,,,,,,,,,,20,,,,,,,,
5,129,050.0 104.0,19-4903CR-HY-061-1706-05001040-0030A-7,30,10.34000,32.73700,,25.12900,,,,7,2,,3,,9,9,,9,,9,,9,,9,,9,,9,,9,,9,,,9,,,9,,,9,,,9,,,30.00000,10.34000,10.34000,32.73700,25.12000,283.1000,0.080000,,,,,,,,,,30,,,,,,,,
5,130,050.0 104.0,19-4903CR-HY-061-1706-05001040-0037A-3,37,10.20000,,,,,,,3,2,,,9,9,9,9,9,,9,,9,,9,,9,,9,,9,,9,,,9,,,9,,,9,,,9,,,37.00000,10.20000,10.20000,,,,0.100000,,,,,,,,,,37,,,,,,,,
5,131,050.0 104.0,19-4903CR-HY-061-1706-05001040-0050A-7,50,9.850000,32.73800,,25.21200,,,,7,2,,3,,9,9,,9,,9,,9,,9,,9,,9,,9,,9,,,9,,,9,,,9,,,9,,,50.00000,9.850000,9.840000,32.73800,25.21000,275.6000,0.140000,,,,,,,,,,50,,,,,,,,
5,132,050.0 104.0,19-4903CR-HY-061-1706-05001040-0055A-3,55,9.700000,32.74000,,25.23800,,,,3,2,,2,,9,9,,9,,9,,9,,9,,9,,9,,9,,9,,,9,,,9,,,9,,,9,,,55.00000,9.700000,9.690000,32.74000,25.23000,273.2000,0.150000,,,,,,,,,,55,,,,,,,,
5,133,050.0 104.0,19-4903CR-HY-061-1706-05001040-0071A-3,71,9.290000,32.74000,,25.30500,,,,3,2,,2,,9,9,,9,,9,,9,,9,,9,,9,,9,,9,,,9,,,9,,,9,,,9,,,71.00000,9.290000,9.280000,32.74000,25.30000,267.1000,0.190000,,,,,,,,,,71,,,,,,,,
5,134,050.0 104.0,19-4903CR-HY-061-1706-05001040-0075A-7,75,9.200000,32.79100,,25.35900,,,,7,2,,3,,9,9,,9,,9,,9,,9,,9,,9,,9,,9,,,9,,,9,,,9,,,9,,,75.00000,9.200000,9.190000,32.79100,25.35000,262.1000,0.200000,,,,,,,,,,75,,,,,,,,
5,135,050.0 104.0,19-4903CR-HY-061-1706-05001040-0100A-3,100,9.350000,33.42000,,25.82700,,,,3,2,8,2,,9,9,8,9,,9,,9,,9,,9,,9,,9,,9,,,9,,,9,,,9,,,9,,,100.0000,9.350000,,33.42000,,,0.260000,,,,,,,,,,101,,,,,,,,
5,136,050.0 104.0,19-4903CR-HY-061-1706-05001040-0125A-7,125,8.280000,33.56500,,26.10800,,,,7,2,,3,,9,9,,9,,9,,9,,9,,9,,9,,9,,9,,,9,,,9,,,9,,,9,,,125.0000,8.280000,8.270000,33.56500,26.10000,191.7000,0.310000,,,,,,,,,,126,,,,,,,,
5,137,050.0 104.0,19-4903CR-HY-061-1706-05001040-0128A-3,128,8.240000,33.62000,,26.15700,,,,3,2,,2,,9,9,,9,,9,,9,,9,,9,,9,,9,,9,,,9,,,9,,,9,,,9,,,128.0000,8.240000,8.230000,33.62000,26.15000,187.1000,0.320000,,,,,,,,,,129,,,,,,,,
5,138,050.0 104.0,19-4903CR-HY-061-1706-05001040-0150A-7,150,7.950000,33.72400,,26.28100,,,,7,2,,3,,9,9,,9,,9,,9,,9,,9,,9,,9,,9,,,9,,,9,,,9,,,9,,,150.0000,7.950000,7.940000,33.72400,26.28000,175.6000,0.360000,,,,,,,,,,151,,,,,,,,
5,139,050.0 104.0,19-4903CR-HY-061-1706-05001040-0191A-3,191,7.500000,33.78000,,26.39100,,,,3,2,,2,,9,9,,9,,9,,9,,9,,9,,9,,9,,9,,,9,,,9,,,9,,,9,,,191.0000,7.500000,7.480000,33.78000,26.39000,165.8000,0.430000,,,,,,,,,,192,,,,,,,,
5,140,050.0 104.0,19-4903CR-HY-061-1706-05001040-0200A-7,200,7.420000,33.80700,,26.42400,,,,7,2,,3,,9,9,,9,,9,,9,,9,,9,,9,,9,,9,,,9,,,9,,,9,,,9,,,200.0000,7.420000,7.400000,33.80700,26.42000,162.8000,0.440000,,,,,,,,,,201,,,,,,,,
5,141,050.0 104.0,19-4903CR-HY-061-1706-05001040-0250A-7,250,6.980000,33.93800,,26.58800,,,,7,2,,3,,9,9,,9,,9,,9,,9,,9,,9,,9,,9,,,9,,,9,,,9,,,9,,,250.0000,6.980000,6.960000,33.93800,26.58000,147.8000,0.520000,,,,,,,,,,252,,,,,,,,
5,142,050.0 104.0,19-4903CR-HY-061-1706-05001040-0255A-3,255,6.940000,33.95000,,26.60300,,,,3,2,,2,,9,9,,9,,9,,9,,9,,9,,9,,9,,9,,,9,,,9,,,9,,,9,,,255.0000,6.940000,6.920000,33.95000,26.60000,146.4000,0.530000,,,,,,,,,,257,,,,,,,,
5,143,050.0 104.0,19-4903CR-HY-061-1706-05001040-0300A-7,300,6.540000,33.98800,,26.68700,,,,7,2,,3,,9,9,,9,,9,,9,,9,,9,,9,,9,,9,,,9,,,9,,,9,,,9,,,300.0000,6.540000,6.510000,33.98800,26.68000,139.0000,0.590000,,,,,,,,,,302,,,,,,,,
5,144,050.0 104.0,19-4903CR-HY-061-1706-05001040-0380A-3,380,5.860000,34.00000,,26.78400,,,,3,2,,2,,9,9,,9,,9,,9,,9,,9,,9,,9,,9,,,9,,,9,,,9,,,9,,,380.0000,5.860000,5.830000,34.00000,26.78000,130.4000,0.700000,,,,,,,,,,383,,,,,,,,
5,145,050.0 104.0,19-4903CR-HY-061-1706-05001040-0400A-7,400,5.770000,34.01200,,26.80500,,,,7,2,,3,,9,9,,9,,9,,9,,9,,9,,9,,9,,9,,,9,,,9,,,9,,,9,,,400.0000,5.770000,5.740000,34.01200,26.80000,128.6000,0.730000,,,,,,,,,,403,,,,,,,,
5,146,050.0 104.0,19-4903CR-HY-061-1706-05001040-0500A-7,500,5.300000,34.07500,,26.91200,,,,7,2,,3,,9,9,,9,,9,,9,,9,,9,,9,,9,,9,,,9,,,9,,,9,,,9,,,500.0000,5.300000,5.260000,34.07500,26.91000,119.3000,0.850000,,,,,,,,,,504,,,,,,,,
5,147,050.0 104.0,19-4903CR-HY-061-1706-05001040-0600A-7,600,4.830000,34.14100,,27.01900,,,,7,2,,3,,9,9,,9,,9,,9,,9,,9,,9,,9,,9,,,9,,,9,,,9,,,9,,,600.0000,4.830000,4.780000,34.14100,27.01000,109.7000,0.960000,,,,,,,,,,605,,,,,,,,
5,148,050.0 104.0,19-4903CR-HY-061-1706-05001040-0700A-7,700,4.360000,34.21100,,27.12700,,,,7,2,,3,,9,9,,9,,9,,9,,9,,9,,9,,9,,9,,,9,,,9,,,9,,,9,,,700.0000,4.360000,4.310000,34.21100,27.12000,99.90000,1.070000,,,,,,,,,,706,,,,,,,,
5,149,050.0 104.0,19-4903CR-HY-061-1706-05001040-0755A-3,755,4.100000,34.25000,,27.18500,,,,3,2,,2,,9,9,,9,,9,,9,,9,,9,,9,,9,,9,,,9,,,9,,,9,,,9,,,755.0000,4.100000,4.040000,34.25000,27.18000,94.50000,1.120000,,,,,,,,,,761,,,,,,,,
6,150,049.0 114.0,19-4903CR-HY-062-0036-04901140-0000B-3,0,11.60000,32.88000,,25.01700,,,,3,1,,2,,9,9,,9,,9,,9,,9,,9,,9,,9,,9,,,9,,,9,,,9,,,9,,,0.000000,11.60000,11.60000,32.88000,25.01000,293.1000,0.000000,,,,,,,,,,0,,,,,,,,
6,151,049.0 114.0,19-4903CR-HY-062-0036-04901140-0009A-3,9,11.69000,32.86000,,24.98600,,,,3,2,,2,,9,9,,9,,9,,9,,9,,9,,9,,9,,9,,,9,,,9,,,9,,,9,,,9.000000,11.69000,11.69000,32.86000,24.98000,296.4000,0.020000,,,,,,,,,,9,,,,,,,,
6,152,049.0 114.0,19-4903CR-HY-062-0036-04901140-0010A-7,10,11.69000,32.86000,,24.98600,,,,7,2,,3,,9,9,,9,,9,,9,,9,,9,,9,,9,,9,,,9,,,9,,,9,,,9,,,10.00000,11.69000,11.69000,32.86000,24.98000,296.4000,0.020000,,,,,,,,,,10,,,,,,,,
6,153,049.0 114.0,19-4903CR-HY-062-0036-04901140-0020A-7,20,11.66000,32.86000,,24.99100,,,,7,2,,3,,9,9,,9,,9,,9,,9,,9,,9,,9,,9,,,9,,,9,,,9,,,9,,,20.00000,11.66000,11.66000,32.86000,24.99000,296.1000,0.050000,,,,,,,,,,20,,,,,,,,
6,154,049.0 114.0,19-4903CR-HY-062-0036-04901140-0023A-3,23,11.64000,32.86000,,24.99500,,,,3,2,,2,,9,9,,9,,9,,9,,9,,9,,9,,9,,9,,,9,,,9,,,9,,,9,,,23.00000,11.64000,11.64000,32.86000,24.99000,295.8000,0.060000,,,,,,,,,,23,,,,,,,,
6,155,049.0 114.0,19-4903CR-HY-062-0036-04901140-0030A-7,30,11.64000,32.86300,,24.99800,,,,7,2,,3,,9,9,,9,,9,,9,,9,,9,,9,,9,,9,,,9,,,9,,,9,,,9,,,30.00000,11.64000,11.64000,32.86300,24.99000,295.7000,0.080000,,,,,,,,,,30,,,,,,,,
6,156,049.0 114.0,19-4903CR-HY-062-0036-04901140-0047A-3,47,11.64000,32.88000,,25.01100,,,,3,2,,2,,9,9,,9,,9,,9,,9,,9,,9,,9,,9,,,9,,,9,,,9,,,9,,,47.00000,11.64000,11.63000,32.88000,25.01000,294.8000,0.130000,,,,,,,,,,47,,,,,,,,
6,157,049.0 114.0,19-4903CR-HY-062-0036-04901140-0050A-7,50,11.61000,32.88200,,25.01800,,,,7,2,,3,,9,9,,9,,9,,9,,9,,9,,9,,9,,9,,,9,,,9,,,9,,,9,,,50.00000,11.61000,11.60000,32.88200,25.01000,294.2000,0.140000,,,,,,,,,,50,,,,,,,,
6,158,049.0 114.0,19-4903CR-HY-062-0036-04901140-0071A-3,71,11.36000,32.90000,,25.07800,,,,3,2,,2,,9,9,,9,,9,,9,,9,,9,,9,,9,,9,,,9,,,9,,,9,,,9,,,71.00000,11.36000,11.35000,32.90000,25.07000,289.0000,0.200000,,,,,,,,,,71,,,,,,,,
6,159,049.0 114.0,19-4903CR-HY-062-0036-04901140-0075A-7,75,11.18000,32.92700,,25.13200,,,,7,2,,3,,9,9,,9,,9,,9,,9,,9,,9,,9,,9,,,9,,,9,,,9,,,9,,,75.00000,11.18000,11.17000,32.92700,25.13000,284.0000,0.220000,,,,,,,,,,75,,,,,,,,
6,160,049.0 114.0,19-4903CR-HY-062-0036-04901140-0094A-3,94,10.20000,33.10000,,25.43700,,,,3,2,,2,,9,9,,9,,9,,9,,9,,9,,9,,9,,9,,,9,,,9,,,9,,,9,,,94.00000,10.20000,10.19000,33.10000,25.43000,255.2000,0.270000,,,,,,,,,,94,,,,,,,,
6,161,049.0 114.0,19-4903CR-HY-062-0036-04901140-0100A-7,100,9.900000,33.16500,,25.53800,,,,7,2,,3,,9,9,,9,,9,,9,,9,,9,,9,,9,,9,,,9,,,9,,,9,,,9,,,100.0000,9.900000,9.890000,33.16500,25.53000,245.7000,0.280000,,,,,,,,,,101,,,,,,,,
6,162,049.0 114.0,19-4903CR-HY-062-0036-04901140-0125A-7,125,8.830000,33.42500,,25.91400,,,,7,2,,3,,9,9,,9,,9,,9,,9,,9,,9,,9,,9,,,9,,,9,,,9,,,9,,,125.0000,8.830000,8.820000,33.42500,25.91000,210.2000,0.340000,,,,,,,,,,126,,,,,,,,
6,163,049.0 114.0,19-4903CR-HY-062-0036-04901140-0141A-3,141,8.290000,33.58000,,26.11800,,,,3,2,,2,,9,9,,9,,9,,9,,9,,9,,9,,9,,9,,,9,,,9,,,9,,,9,,,141.0000,8.290000,8.280000,33.58000,26.11000,191.1000,0.370000,,,,,,,,,,142,,,,,,,,
6,164,049.0 114.0,19-4903CR-HY-062-0036-04901140-0150A-7,150,8.110000,33.63800,,26.19000,,,,7,2,,3,,9,9,,9,,9,,9,,9,,9,,9,,9,,9,,,9,,,9,,,9,,,9,,,150.0000,8.110000,8.090000,33.63800,26.19000,184.3000,0.390000,,,,,,,,,,151,,,,,,,,
6,165,049.0 114.0,19-4903CR-HY-062-0036-04901140-0187A-3,187,7.650000,33.80000,,26.38500,,,,3,2,,2,,9,9,,9,,9,,9,,9,,9,,9,,9,,9,,,9,,,9,,,9,,,9,,,187.0000,7.650000,7.630000,33.80000,26.38000,166.3000,0.450000,,,,,,,,,,188,,,,,,,,
6,166,049.0 114.0,19-4903CR-HY-062-0036-04901140-0200A-7,200,7.500000,33.83300,,26.43300,,,,7,2,,3,,9,9,,9,,9,,9,,9,,9,,9,,9,,9,,,9,,,9,,,9,,,9,,,200.0000,7.500000,7.480000,33.83300,26.43000,162.0000,0.470000,,,,,,,,,,201,,,,,,,,
6,167,049.0 114.0,19-4903CR-HY-062-0036-04901140-0250A-7,250,6.980000,33.91600,,26.57100,,,,7,2,,3,,9,9,,9,,9,,9,,9,,9,,9,,9,,9,,,9,,,9,,,9,,,9,,,250.0000,6.980000,6.960000,33.91600,26.57000,149.4000,0.550000,,,,,,,,,,252,,,,,,,,
6,168,049.0 114.0,19-4903CR-HY-062-0036-04901140-0279A-3,279,6.720000,33.93000,,26.61700,,,,3,2,,2,,9,9,,9,,9,,9,,9,,9,,9,,9,,9,,,9,,,9,,,9,,,9,,,279.0000,6.720000,6.690000,33.93000,26.61000,145.3000,0.590000,,,,,,,,,,281,,,,,,,,
6,169,049.0 114.0,19-4903CR-HY-062-0036-04901140-0300A-7,300,6.540000,33.94400,,26.65200,,,,7,2,,3,,9,9,,9,,9,,9,,9,,9,,9,,9,,9,,,9,,,9,,,9,,,9,,,300.0000,6.540000,6.510000,33.94400,26.65000,142.2000,0.630000,,,,,,,,,,302,,,,,,,,
6,170,049.0 114.0,19-4903CR-HY-062-0036-04901140-0377A-3,377,5.960000,33.98000,,26.75600,,,,3,2,,2,,9,9,,9,,9,,9,,9,,9,,9,,9,,9,,,9,,,9,,,9,,,9,,,377.0000,5.960000,5.930000,33.98000,26.75000,133.1000,0.730000,,,,,,,,,,380,,,,,,,,
6,171,049.0 114.0,19-4903CR-HY-062-0036-04901140-0400A-7,400,5.780000,33.99600,,26.79100,,,,7,2,,3,,9,9,,9,,9,,9,,9,,9,,9,,9,,9,,,9,,,9,,,9,,,9,,,400.0000,5.780000,5.750000,33.99600,26.79000,129.9000,0.760000,,,,,,,,,,403,,,,,,,,
6,172,049.0 114.0,19-4903CR-HY-062-0036-04901140-0500A-7,500,5.090000,34.07300,,26.93500,,,,7,2,,3,,9,9,,9,,9,,9,,9,,9,,9,,9,,9,,,9,,,9,,,9,,,9,,,500.0000,5.090000,5.050000,34.07300,26.93000,116.9000,0.880000,,,,,,,,,,504,,,,,,,,
6,173,049.0 114.0,19-4903CR-HY-062-0036-04901140-0568A-3,568,4.680000,34.13000,,27.02600,,,,3,2,,2,,9,9,,9,,9,,9,,9,,9,,9,,9,,9,,,9,,,9,,,9,,,9,,,568.0000,4.680000,4.640000,34.13000,27.02000,108.5000,0.960000,,,,,,,,,,572,,,,,,,,
6,174,049.0 114.0,19-4903CR-HY-062-0036-04901140-0600A-7,600,4.540000,34.15400,,27.06100,,,,7,2,,3,,9,9,,9,,9,,9,,9,,9,,9,,9,,9,,,9,,,9,,,9,,,9,,,600.0000,4.540000,4.490000,34.15400,27.06000,105.3000,1.000000,,,,,,,,,,605,,,,,,,,
6,175,049.0 114.0,19-4903CR-HY-062-0036-04901140-0700A-7,700,4.170000,34.22500,,27.15800,,,,7,2,,3,,9,9,,9,,9,,9,,9,,9,,9,,9,,9,,,9,,,9,,,9,,,9,,,700.0000,4.170000,4.120000,34.22500,27.15000,96.70000,1.100000,,,,,,,,,,706,,,,,,,,
6,176,049.0 114.0,19-4903CR-HY-062-0036-04901140-0800A-7,800,3.880000,34.28600,,27.23600,,,,7,2,,3,,9,9,,9,,9,,9,,9,,9,,9,,9,,9,,,9,,,9,,,9,,,9,,,800.0000,3.880000,3.820000,34.28600,27.23000,89.70000,1.190000,,,,,,,,,,807,,,,,,,,
6,177,049.0 114.0,19-4903CR-HY-062-0036-04901140-0846A-3,846,3.780000,34.31000,,27.26600,,,,3,2,,2,,9,9,,9,,9,,9,,9,,9,,9,,9,,9,,,9,,,9,,,9,,,9,,,846.0000,3.780000,3.720000,34.31000,27.26000,87.10000,1.230000,,,,,,,,,,853,,,,,,,,
6,178,049.0 114.0,19-4903CR-HY-062-0036-04901140-0900A-7,900,3.670000,34.32100,,27.28600,,,,7,2,,3,,9,9,,9,,9,,9,,9,,9,,9,,9,,9,,,9,,,9,,,9,,,9,,,900.0000,3.670000,3.600000,34.32100,27.28000,85.50000,1.280000,,,,,,,,,,908,,,,,,,,
6,179,049.0 114.0,19-4903CR-HY-062-0036-04901140-1000A-7,1000,3.480000,34.34200,,27.32200,,,,7,2,,3,,9,9,,9,,9,,9,,9,,9,,9,,9,,9,,,9,,,9,,,9,,,9,,,1000.000,3.480000,3.410000,34.34200,27.32000,82.50000,1.360000,,,,,,,,,,1009,,,,,,,,
6,180,049.0 114.0,19-4903CR-HY-062-0036-04901140-1100A-7,1100,3.280000,34.36300,,27.35800,,,,7,2,,3,,9,9,,9,,9,,9,,9,,9,,9,,9,,9,,,9,,,9,,,9,,,9,,,1100.000,3.280000,3.200000,34.36300,27.35000,79.40000,1.440000,,,,,,,,,,1110,,,,,,,,
6,181,049.0 114.0,19-4903CR-HY-062-0036-04901140-1200A-7,1200,3.080000,34.38500,,27.39500,,,,7,2,,3,,9,9,,9,,9,,9,,9,,9,,9,,9,,9,,,9,,,9,,,9,,,9,,,1200.000,3.080000,3.000000,34.38500,27.39000,76.20000,1.520000,,,,,,,,,,1211,,,,,,,,
6,182,049.0 114.0,19-4903CR-HY-062-0036-04901140-1300A-7,1300,2.880000,34.40800,,27.43200,,,,7,2,,3,,9,9,,9,,9,,9,,9,,9,,9,,9,,9,,,9,,,9,,,9,,,9,,,1300.000,2.880000,2.790000,34.40800,27.43000,72.80000,1.590000,,,,,,,,,,1313,,,,,,,,
6,183,049.0 114.0,19-4903CR-HY-062-0036-04901140-1352A-3,1352,2.780000,34.42000,,27.45000,,,,3,2,,2,,9,9,,9,,9,,9,,9,,9,,9,,9,,9,,,9,,,9,,,9,,,9,,,1352.000,2.780000,2.690000,34.42000,27.45000,71.10000,1.630000,,,,,,,,,,1365,,,,,,,,
7,184,056.7 146.0,19-4903CR-HY-063-0506-05671460-0000B-3,0,12.50000,33.17000,,25.07300,,,,3,1,,2,,9,9,,9,,9,,9,,9,,9,,9,,9,,9,,,9,,,9,,,9,,,9,,,0.000000,12.50000,12.50000,33.17000,25.07000,287.8000,0.000000,,,,,,,,,,0,,,,,,,,
7,185,056.7 146.0,19-4903CR-HY-063-0506-05671460-0008A-3,8,12.66000,33.24000,,25.09700,,,,3,2,,2,,9,9,,9,,9,,9,,9,,9,,9,,9,,9,,,9,,,9,,,9,,,9,,,8.000000,12.66000,12.66000,33.24000,25.09000,285.8000,0.020000,,,,,,,,,,8,,,,,,,,
7,186,056.7 146.0,19-4903CR-HY-063-0506-05671460-0010A-7,10,12.66000,33.21200,,25.07500,,,,7,2,,3,,9,9,,9,,9,,9,,9,,9,,9,,9,,9,,,9,,,9,,,9,,,9,,,10.00000,12.66000,12.66000,33.21200,25.07000,287.9000,0.020000,,,,,,,,,,10,,,,,,,,
7,187,056.7 146.0,19-4903CR-HY-063-0506-05671460-0020A-7,20,12.64000,33.05700,,24.95900,,,,7,2,,3,,9,9,,9,,9,,9,,9,,9,,9,,9,,9,,,9,,,9,,,9,,,9,,,20.00000,12.64000,12.64000,33.05700,24.95000,299.2000,0.050000,,,,,,,,,,20,,,,,,,,
7,188,056.7 146.0,19-4903CR-HY-063-0506-05671460-0021A-3,21,12.64000,33.04000,,24.94600,,,,3,2,,2,,9,9,,9,,9,,9,,9,,9,,9,,9,,9,,,9,,,9,,,9,,,9,,,21.00000,12.64000,12.64000,33.04000,24.94000,300.4000,0.060000,,,,,,,,,,21,,,,,,,,
7,189,056.7 146.0,19-4903CR-HY-063-0506-05671460-0030A-7,30,12.64000,33.06800,,24.96800,,,,7,2,,3,,9,9,,9,,9,,9,,9,,9,,9,,9,,9,,,9,,,9,,,9,,,9,,,30.00000,12.64000,12.64000,33.06800,24.96000,298.6000,0.080000,,,,,,,,,,30,,,,,,,,
7,190,056.7 146.0,19-4903CR-HY-063-0506-05671460-0043A-3,43,12.64000,33.17000,,25.04800,,,,3,2,,2,,9,9,,9,,9,,9,,9,,9,,9,,9,,9,,,9,,,9,,,9,,,9,,,43.00000,12.64000,12.63000,33.17000,25.04000,291.4000,0.120000,,,,,,,,,,43,,,,,,,,
7,191,056.7 146.0,19-4903CR-HY-063-0506-05671460-0050A-7,50,12.64000,33.15900,,25.03900,,,,7,2,,3,,9,9,,9,,9,,9,,9,,9,,9,,9,,9,,,9,,,9,,,9,,,9,,,50.00000,12.64000,12.63000,33.15900,25.03000,292.3000,0.140000,,,,,,,,,,50,,,,,,,,
7,192,056.7 146.0,19-4903CR-HY-063-0506-05671460-0065A-3,65,12.63000,33.13000,,25.01900,,,,3,2,,2,,9,9,,9,,9,,9,,9,,9,,9,,9,,9,,,9,,,9,,,9,,,9,,,65.00000,12.63000,12.62000,33.13000,25.01000,294.6000,0.190000,,,,,,,,,,65,,,,,,,,
7,193,056.7 146.0,19-4903CR-HY-063-0506-05671460-0075A-7,75,12.64000,33.15800,,25.03900,,,,7,2,,3,,9,9,,9,,9,,9,,9,,9,,9,,9,,9,,,9,,,9,,,9,,,9,,,75.00000,12.64000,12.63000,33.15800,25.03000,293.0000,0.220000,,,,,,,,,,75,,,,,,,,
7,194,056.7 146.0,19-4903CR-HY-063-0506-05671460-0087A-3,87,12.66000,33.22000,,25.08400,,,,3,2,,2,,9,9,,9,,9,,9,,9,,9,,9,,9,,9,,,9,,,9,,,9,,,9,,,87.00000,12.66000,12.65000,33.22000,25.08000,289.1000,0.250000,,,,,,,,,,87,,,,,,,,
7,195,056.7 146.0,19-4903CR-HY-063-0506-05671460-0100A-7,100,12.52000,33.28300,,25.16000,,,,7,2,,3,,9,9,,9,,9,,9,,9,,9,,9,,9,,9,,,9,,,9,,,9,,,9,,,100.0000,12.52000,12.51000,33.28300,25.16000,282.1000,0.290000,,,,,,,,,,100,,,,,,,,
7,196,056.7 146.0,19-4903CR-HY-063-0506-05671460-0125A-7,125,11.94000,33.38300,,25.34800,,,,7,2,,3,,9,9,,9,,9,,9,,9,,9,,9,,9,,9,,,9,,,9,,,9,,,9,,,125.0000,11.94000,11.92000,33.38300,25.34000,264.8000,0.360000,,,,,,,,,,126,,,,,,,,
7,197,056.7 146.0,19-4903CR-HY-063-0506-05671460-0130A-3,130,11.77000,33.40000,,25.39300,,,,3,2,,2,,9,9,,9,,9,,9,,9,,9,,9,,9,,9,,,9,,,9,,,9,,,9,,,130.0000,11.77000,11.75000,33.40000,25.39000,260.6000,0.370000,,,,,,,,,,131,,,,,,,,
7,198,056.7 146.0,19-4903CR-HY-063-0506-05671460-0150A-7,150,10.84000,33.42000,,25.57700,,,,7,2,,3,,9,9,,9,,9,,9,,9,,9,,9,,9,,9,,,9,,,9,,,9,,,9,,,150.0000,10.84000,10.82000,33.42000,25.57000,243.3000,0.420000,,,,,,,,,,151,,,,,,,,
7,199,056.7 146.0,19-4903CR-HY-063-0506-05671460-0172A-3,172,9.730000,33.44000,,25.78200,,,,3,2,,2,,9,9,,9,,9,,9,,9,,9,,9,,9,,9,,,9,,,9,,,9,,,9,,,172.0000,9.730000,9.710000,33.44000,25.78000,224.0000,0.470000,,,,,,,,,,173,,,,,,,,
